[{"m_name":"Engineers day","s_name":"chirag","s_id":"em321","s_time":"13:04","e_time":"18:04","date":"2017-09-27","r_id":"20","guests":"300","contact":"562714434","email":"chirag@triwaytech.com","m_id":"3"},{"m_name":"Customer complains","s_name":"kanak","s_id":"em763","s_time":"08:00","e_time":"10:00","date":"2017-09-27","r_id":"3","guests":"21","contact":"8765432","email":"kanak@yahoo.com","m_id":"6"},{"m_name":"Developers conference","s_name":"simran","s_id":"em897","s_time":"13:30","e_time":"15:00","date":"2017-09-27","r_id":"3","guests":"22","contact":"564387622","email":"simran@hotmail.com","m_id":"7"},{"m_name":"sensible meeting","s_name":"annikita","s_id":"123456789","s_time":"16:13","e_time":"17:13","date":"2017-09-27","r_id":"14","guests":"5","contact":"15616156","email":"nikkitasingh96@gmail.com","m_id":"13"},{"m_name":"Mock meeting","s_name":"nikkita","s_id":"em23456","s_time":"17:35","e_time":"18:00","date":"2017-09-27","r_id":"1","guests":"5","contact":"56487936","email":"senthilkumar@triwaytechnologies.com","m_id":"14"}]