[{"title":"Engineers day","start":"2017-09-27 13:04:49","end":"2017-09-27 18:04:50","m_id":"3"},{"title":"Orientation","start":"2017-09-29 15:00:00","end":"2017-09-29 17:00:00","m_id":"2"},{"title":"customer focus","start":"2017-09-30 15:00:00","end":"2017-09-30 18:00:00","m_id":"4"},{"title":"Leadership challenge","start":"2017-09-29 12:00:00","end":"2017-09-29 13:00:00","m_id":"5"},{"title":"Customer complains","start":"2017-09-27 08:00:00","end":"2017-09-27 10:00:00","m_id":"6"},{"title":"Developers conference","start":"2017-09-27 13:30:00","end":"2017-09-27 15:00:00","m_id":"7"},{"title":"Annual budget ","start":"2017-10-04 09:00:00","end":"2017-10-04 12:00:00","m_id":"8"},{"title":"Gamers conference","start":"2017-10-10 10:00:00","end":"2017-10-10 15:00:00","m_id":"9"},{"title":"Group discussion","start":"2017-09-28 14:22:25","end":"2017-09-28 19:08:07","m_id":"10"},{"title":"Mid-sem presentation","start":"2017-10-02 11:00:00","end":"2017-10-02 16:00:00","m_id":"11"},{"title":"Fire drill","start":"2017-10-09 15:07:28","end":"2017-10-09 18:00:00","m_id":"12"},{"title":"sensible meeting","start":"2017-09-27 16:13:23","end":"2017-09-27 17:13:27","m_id":"13"},{"title":"Mock meeting","start":"2017-09-27 17:35:00","end":"2017-09-27 18:00:00","m_id":"14"},{"title":"Presidential election of BITS","start":"2017-09-27 18:00:00","end":"2017-09-27 20:00:00","m_id":"15"},{"title":"Please buy this app","start":"2017-09-27 18:00:00","end":"2017-09-27 20:00:00","m_id":"16"},{"title":"email-test","start":"2017-09-28 10:15:00","end":"2017-09-28 11:15:00","m_id":"17"},{"title":"email-test-2","start":"2017-09-28 10:16:34","end":"2017-09-28 11:16:35","m_id":"18"},{"title":"Morning Tea","start":"2017-09-28 12:18:33","end":"2017-09-28 14:18:42","m_id":"19"},{"title":"Coffee Lovers","start":"2017-09-28 11:19:50","end":"2017-09-28 12:19:55","m_id":"20"},{"title":"GD - Masters or Job","start":"2017-09-28 11:00:00","end":"2017-09-28 11:30:00","m_id":"21"},{"title":"Meeting Scheduler app discussion","start":"2017-09-28 16:00:00","end":"2017-09-28 17:00:00","m_id":"22"},{"title":"email-test-3","start":"2017-10-01 10:01:50","end":"2017-10-01 11:11:26","m_id":"23"},{"title":"Email Test Nikkita","start":"2017-10-03 12:50:27","end":"2017-10-03 13:50:30","m_id":"24"},{"title":"Demo","start":"2017-10-04 14:00:00","end":"2017-10-04 15:00:00","m_id":"25"},{"title":"Email test again","start":"2017-10-04 10:00:00","end":"2017-10-04 11:00:00","m_id":"26"},{"title":"Email test again -1","start":"2017-10-04 10:05:01","end":"2017-10-04 11:00:02","m_id":"27"},{"title":"Web Application Demostration ","start":"2017-10-04 13:00:00","end":"2017-10-04 16:00:00","m_id":"28"},{"title":"Security Test","start":"2017-10-05 12:05:28","end":"2017-10-05 13:18:29","m_id":"29"},{"title":"Push to Screen","start":"2017-10-08 09:30:27","end":"2017-10-08 10:20:32","m_id":"32"},{"title":"JS Changes","start":"2017-10-07 11:05:51","end":"2017-10-07 11:31:52","m_id":"31"},{"title":"Breakfast","start":"2017-10-08 15:45:00","end":"2017-10-08 16:00:00","m_id":"33"},{"title":"Tea","start":"2017-10-08 10:30:00","end":"2017-10-08 11:00:00","m_id":"34"},{"title":"Screen test","start":"2017-10-08 15:30:16","end":"2017-10-08 15:37:17","m_id":"35"},{"title":"Tax Reform Meeting","start":"2017-10-15 11:00:33","end":"2017-10-15 12:00:53","m_id":"37"},{"title":"First Class Launch Party - Marketing Team","start":"2017-10-15 12:30:00","end":"2017-10-15 13:30:00","m_id":"38"},{"title":"Safety Induction on Smartphones on Air","start":"2017-10-15 11:30:37","end":"2017-10-15 12:37:44","m_id":"39"},{"title":"In-Flight Entertainment Revision","start":"2017-10-15 11:50:35","end":"2017-10-15 12:50:00","m_id":"40"},{"title":"Tough Luck","start":"2017-10-15 17:30:00","end":"2017-10-15 18:00:32","m_id":"88"},{"title":"Limousine Upgrades for Marhaba Service","start":"2017-10-15 16:00:18","end":"2017-10-15 17:30:28","m_id":"57"},{"title":"Meal Options Revision","start":"2017-10-15 12:45:00","end":"2017-10-15 14:45:00","m_id":"43"},{"title":"Confernece Center Problems","start":"2017-10-15 13:00:00","end":"2017-10-15 15:00:00","m_id":"44"},{"title":"Expo 2020 Collaboration ","start":"2017-10-15 12:08:24","end":"2017-10-15 14:08:00","m_id":"45"},{"title":"First Class Launch Commerical - Nov","start":"2017-10-15 16:00:00","end":"2017-10-15 18:00:00","m_id":"46"},{"title":"Plis work","start":"2017-10-15 17:02:20","end":"2017-10-15 17:55:20","m_id":"87"},{"title":"Catering Service Provider - Chinese Guys","start":"2017-10-15 15:30:48","end":"2017-10-15 17:30:00","m_id":"56"},{"title":"another serious meeting","start":"2017-10-22 11:03:35","end":"2017-10-22 12:04:36","m_id":"140"},{"title":"Lunch Meeting with Investors","start":"2017-10-16 15:00:00","end":"2017-10-16 16:00:00","m_id":"135"},{"title":"App testing","start":"2017-10-17 11:00:57","end":"2017-10-17 12:10:58","m_id":"136"},{"title":"Flight Schedule Maintanence","start":"2017-10-15 16:16:15","end":"2017-10-15 17:25:18","m_id":"84"},{"title":"Smallest Meeting","start":"2017-10-15 17:30:00","end":"2017-10-15 18:00:00","m_id":"91"},{"title":"HR Layoffs","start":"2017-10-16 10:35:52","end":"2017-10-16 11:45:11","m_id":"124"},{"title":"Internship Opportunities","start":"2017-10-16 10:30:52","end":"2017-10-16 11:43:11","m_id":"123"},{"title":"Budget Meeting for FY 2018-19","start":"2017-10-16 10:00:00","end":"2017-10-16 11:00:00","m_id":"117"},{"title":"Quarterly accounts meeting","start":"2017-10-16 10:00:53","end":"2017-10-16 12:00:56","m_id":"116"},{"title":"Business Class Upgrades","start":"2017-10-16 10:30:00","end":"2017-10-16 12:23:06","m_id":"130"},{"title":"Award Ceremony for Long Service","start":"2017-10-16 10:30:00","end":"2017-10-16 12:23:06","m_id":"131"},{"title":"In- Flight Emergency Medical Response","start":"2017-10-16 14:00:00","end":"2017-10-16 16:00:00","m_id":"132"},{"title":"In-Flight Catering Menu Updates","start":"2017-10-16 14:00:00","end":"2017-10-16 16:00:00","m_id":"133"},{"title":"serious meeting","start":"2017-10-22 10:00:00","end":"2017-10-22 11:00:00","m_id":"139"},{"title":"serious meeting","start":"2017-10-23 10:55:49","end":"2017-10-23 11:15:52","m_id":"143"},{"title":"automatic thing is working","start":"2017-10-23 16:28:00","end":"2017-10-23 16:39:00","m_id":"145"},{"title":"very serious meeting","start":"2017-10-23 16:35:00","end":"2017-10-23 16:36:00","m_id":"146"},{"title":"serious meeting","start":"2017-10-25 09:50:12","end":"2017-10-25 09:50:59","m_id":"147"},{"title":"book log advanced even more","start":"2017-11-08 23:16:56","end":"2017-11-08 23:27:57","m_id":"151"},{"title":"test","start":"2018-05-09 07:48:28","end":"2018-05-09 07:48:32","m_id":"206"},{"title":"dsaf","start":"2018-05-08 22:12:50","end":"2018-05-08 22:12:50","m_id":"205"},{"title":"wertwer","start":"2018-05-06 10:07:06","end":"2018-05-06 10:10:06","m_id":"204"},{"title":"gers","start":"2018-04-30 14:36:49","end":"2018-04-30 14:36:51","m_id":"203"},{"title":"werertr","start":"2018-04-30 09:49:30","end":"2018-04-30 09:49:31","m_id":"202"},{"title":"multiple email test - 2","start":"2017-11-13 16:58:52","end":"2017-11-13 17:11:52","m_id":"201"},{"title":"multiple email test","start":"2017-11-13 16:57:16","end":"2017-11-13 17:09:17","m_id":"200"},{"title":"TEst","start":"2017-11-12 11:51:23","end":"2017-11-12 12:11:24","m_id":"199"}]