[{"m_name":"Engineers day","s_name":"chirag","s_id":"em321","s_time":"13:04","e_time":"18:04","date":"2017-09-27","r_id":"20","guests":"300","contact":"562714434","email":"chirag@triwaytech.com","m_id":"3","r_name":"Auditorium","capacity":"450","room_plan":"","telephone":"","TV":"0","Projector":"0","PC":"0","IP_Board":"0","DVD":"0","Podium_Microphone":"0","Cordless_Microphone":"0","Lap_Microphone":"0","Video_Conferencing":"0"},{"m_name":"Orientation","s_name":"ankita","s_id":"em1234","s_time":"15:00","e_time":"17:00","date":"2017-09-29","r_id":"20","guests":"100","contact":"567372492","email":"ankita@triwaytech.com","m_id":"2","r_name":"Auditorium","capacity":"450","room_plan":"","telephone":"","TV":"0","Projector":"0","PC":"0","IP_Board":"0","DVD":"0","Podium_Microphone":"0","Cordless_Microphone":"0","Lap_Microphone":"0","Video_Conferencing":"0"},{"m_name":"customer focus","s_name":"nikkita","s_id":"em123","s_time":"15:00","e_time":"18:00","date":"2017-09-30","r_id":"19","guests":"20","contact":"564366722","email":"nikkitasingh96@gmail.com","m_id":"4","r_name":"Neil Armstrong","capacity":"20","room_plan":"Near the pantry and classroom","telephone":"04-7081977","TV":"0","Projector":"1","PC":"1","IP_Board":"1","DVD":"1","Podium_Microphone":"1","Cordless_Microphone":"0","Lap_Microphone":"0","Video_Conferencing":"0"},{"m_name":"Leadership challenge","s_name":"rohan","s_id":"em324","s_time":"12:00","e_time":"13:00","date":"2017-09-29","r_id":"1","guests":"32","contact":"57482121","email":"rohan@gmail.com","m_id":"5","r_name":"Nicolas Baudin","capacity":"10","room_plan":"Near the help desk","telephone":"04-7081922","TV":"1","Projector":"0","PC":"0","IP_Board":"0","DVD":"0","Podium_Microphone":"0","Cordless_Microphone":"0","Lap_Microphone":"0","Video_Conferencing":"0"},{"m_name":"Customer complains","s_name":"kanak","s_id":"em763","s_time":"08:00","e_time":"10:00","date":"2017-09-27","r_id":"3","guests":"21","contact":"8765432","email":"kanak@yahoo.com","m_id":"6","r_name":"Roald Amundsen","capacity":"10","room_plan":"Between the help desk and pantry","telephone":"04-7081924","TV":"1","Projector":"0","PC":"0","IP_Board":"0","DVD":"0","Podium_Microphone":"0","Cordless_Microphone":"0","Lap_Microphone":"0","Video_Conferencing":"0"},{"m_name":"Developers conference","s_name":"simran","s_id":"em897","s_time":"13:30","e_time":"15:00","date":"2017-09-27","r_id":"3","guests":"22","contact":"564387622","email":"simran@hotmail.com","m_id":"7","r_name":"Roald Amundsen","capacity":"10","room_plan":"Between the help desk and pantry","telephone":"04-7081924","TV":"1","Projector":"0","PC":"0","IP_Board":"0","DVD":"0","Podium_Microphone":"0","Cordless_Microphone":"0","Lap_Microphone":"0","Video_Conferencing":"0"},{"m_name":"Annual budget ","s_name":"nikhil","s_id":"em564","s_time":"09:00","e_time":"12:00","date":"2017-10-04","r_id":"12","guests":"45","contact":"546744322","email":"nikhik@techy.com","m_id":"8","r_name":"Vasco De Balboa","capacity":"12","room_plan":"Near the pantry","telephone":"04-7081933","TV":"0","Projector":"1","PC":"0","IP_Board":"0","DVD":"0","Podium_Microphone":"0","Cordless_Microphone":"0","Lap_Microphone":"0","Video_Conferencing":"0"}]