[{
  "s_time": "2017-09-07 10:00:00",
  "e_time": "2017-09-07 11:00:00",
  "m_name": "sdgv",
  "s_name": "xczv",
  "contact": "45"
}, {
  "s_time": "2017-09-04 10:00:00",
  "e_time": "2017-09-04 11:00:00",
  "m_name": "adsfcd",
  "s_name": "adsf",
  "contact": "45654"
}, {
  "s_time": "2017-09-03 10:00:00",
  "e_time": "2017-09-03 11:00:00",
  "m_name": "afsfsa",
  "s_name": "dfsadf",
  "contact": "55654565"
}, {
  "s_time": "2017-09-07 13:00:00",
  "e_time": "2017-09-07 14:00:00",
  "m_name": "dfadsf",
  "s_name": "vsdv",
  "contact": "64645654"
}, {
  "s_time": "2017-09-07 15:00:00",
  "e_time": "2017-09-07 16:00:00",
  "m_name": "dczvvdf",
  "s_name": "sfgsdfg",
  "contact": "456465"
}, {
  "s_time": "2017-09-17 11:10:00",
  "e_time": "2017-09-17 12:00:00",
  "m_name": "irritate ankita",
  "s_name": "ankita",
  "contact": "1234567899"
}, {
  "s_time": "2017-09-17 10:00:00",
  "e_time": "2017-09-17 11:00:00",
  "m_name": "irritate ankita",
  "s_name": "Ankita",
  "contact": "123456789"
}]