[{"id":"3","group":"20","content":"Engineers day","start":"2017-09-27 13:04:49","end":"2017-09-27 18:04:50"},{"id":"2","group":"20","content":"Orientation","start":"2017-09-29 15:00:00","end":"2017-09-29 17:00:00"},{"id":"4","group":"19","content":"customer focus","start":"2017-09-30 15:00:00","end":"2017-09-30 18:00:00"},{"id":"5","group":"1","content":"Leadership challenge","start":"2017-09-29 12:00:00","end":"2017-09-29 13:00:00"},{"id":"6","group":"3","content":"Customer complains","start":"2017-09-27 08:00:00","end":"2017-09-27 10:00:00"},{"id":"7","group":"3","content":"Developers conference","start":"2017-09-27 13:30:00","end":"2017-09-27 15:00:00"},{"id":"8","group":"12","content":"Annual budget ","start":"2017-10-04 09:00:00","end":"2017-10-04 12:00:00"},{"id":"9","group":"15","content":"Gamers conference","start":"2017-10-10 10:00:00","end":"2017-10-10 15:00:00"},{"id":"10","group":"14","content":"Group discussion","start":"2017-09-28 14:22:25","end":"2017-09-28 19:08:07"},{"id":"11","group":"10","content":"Mid-sem presentation","start":"2017-10-02 11:00:00","end":"2017-10-02 16:00:00"},{"id":"12","group":"20","content":"Fire drill","start":"2017-10-09 15:07:28","end":"2017-10-09 18:00:00"},{"id":"13","group":"14","content":"sensible meeting","start":"2017-09-27 16:13:23","end":"2017-09-27 17:13:27"},{"id":"14","group":"1","content":"Mock meeting","start":"2017-09-27 17:35:00","end":"2017-09-27 18:00:00"},{"id":"15","group":"1","content":"Presidential election of BITS","start":"2017-09-27 18:00:00","end":"2017-09-27 20:00:00"},{"id":"16","group":"2","content":"Please buy this app","start":"2017-09-27 18:00:00","end":"2017-09-27 20:00:00"},{"id":"17","group":"19","content":"email-test","start":"2017-09-28 10:15:00","end":"2017-09-28 11:15:00"},{"id":"18","group":"5","content":"email-test-2","start":"2017-09-28 10:16:34","end":"2017-09-28 11:16:35"},{"id":"19","group":"1","content":"Morning Tea","start":"2017-09-28 12:18:33","end":"2017-09-28 14:18:42"},{"id":"20","group":"14","content":"Coffee Lovers","start":"2017-09-28 11:19:50","end":"2017-09-28 12:19:55"},{"id":"21","group":"14","content":"GD - Masters or Job","start":"2017-09-28 11:00:00","end":"2017-09-28 11:30:00"},{"id":"22","group":"1","content":"Meeting Scheduler app discussion","start":"2017-09-28 16:00:00","end":"2017-09-28 17:00:00"},{"id":"23","group":"14","content":"email-test-3","start":"2017-10-01 10:01:50","end":"2017-10-01 11:11:26"},{"id":"24","group":"14","content":"Email Test Nikkita","start":"2017-10-03 12:50:27","end":"2017-10-03 13:50:30"},{"id":"25","group":"14","content":"Demo","start":"2017-10-04 14:00:00","end":"2017-10-04 15:00:00"},{"id":"26","group":"14","content":"Email test again","start":"2017-10-04 10:00:00","end":"2017-10-04 11:00:00"},{"id":"27","group":"6","content":"Email test again -1","start":"2017-10-04 10:05:01","end":"2017-10-04 11:00:02"},{"id":"28","group":"1","content":"Web Application Demostration ","start":"2017-10-04 13:00:00","end":"2017-10-04 16:00:00"},{"id":"29","group":"14","content":"Security Test","start":"2017-10-05 12:05:28","end":"2017-10-05 13:18:29"},{"id":"32","group":"6","content":"Push to Screen","start":"2017-10-08 09:30:27","end":"2017-10-08 10:20:32"},{"id":"31","group":"14","content":"JS Changes","start":"2017-10-07 11:05:51","end":"2017-10-07 11:31:52"},{"id":"33","group":"14","content":"Breakfast","start":"2017-10-08 15:45:00","end":"2017-10-08 16:00:00"},{"id":"34","group":"1","content":"Tea","start":"2017-10-08 10:30:00","end":"2017-10-08 11:00:00"},{"id":"35","group":"14","content":"Screen test","start":"2017-10-08 15:30:16","end":"2017-10-08 15:37:17"},{"id":"37","group":"6","content":"Tax Reform Meeting","start":"2017-10-15 11:00:33","end":"2017-10-15 12:00:53"},{"id":"38","group":"19","content":"First Class Launch Party - Marketing Team","start":"2017-10-15 12:30:00","end":"2017-10-15 13:30:00"},{"id":"39","group":"9","content":"Safety Induction on Smartphones on Air","start":"2017-10-15 11:30:37","end":"2017-10-15 12:37:44"},{"id":"40","group":"10","content":"In-Flight Entertainment Revision","start":"2017-10-15 11:50:35","end":"2017-10-15 12:50:00"},{"id":"88","group":"6","content":"Tough Luck","start":"2017-10-15 17:30:00","end":"2017-10-15 18:00:32"},{"id":"57","group":"5","content":"Limousine Upgrades for Marhaba Service","start":"2017-10-15 16:00:18","end":"2017-10-15 17:30:28"},{"id":"43","group":"6","content":"Meal Options Revision","start":"2017-10-15 12:45:00","end":"2017-10-15 14:45:00"},{"id":"44","group":"3","content":"Confernece Center Problems","start":"2017-10-15 13:00:00","end":"2017-10-15 15:00:00"},{"id":"45","group":"11","content":"Expo 2020 Collaboration ","start":"2017-10-15 12:08:24","end":"2017-10-15 14:08:00"},{"id":"46","group":"1","content":"First Class Launch Commerical - Nov","start":"2017-10-15 16:00:00","end":"2017-10-15 18:00:00"},{"id":"87","group":"6","content":"Plis work","start":"2017-10-15 17:02:20","end":"2017-10-15 17:55:20"},{"id":"56","group":"3","content":"Catering Service Provider - Chinese Guys","start":"2017-10-15 15:30:48","end":"2017-10-15 17:30:00"},{"id":"140","group":"14","content":"another serious meeting","start":"2017-10-22 11:03:35","end":"2017-10-22 12:04:36"},{"id":"135","group":"18","content":"Lunch Meeting with Investors","start":"2017-10-16 15:00:00","end":"2017-10-16 16:00:00"},{"id":"136","group":"6","content":"App testing","start":"2017-10-17 11:00:57","end":"2017-10-17 12:10:58"},{"id":"84","group":"6","content":"Flight Schedule Maintanence","start":"2017-10-15 16:16:15","end":"2017-10-15 17:25:18"},{"id":"91","group":"14","content":"Smallest Meeting","start":"2017-10-15 17:30:00","end":"2017-10-15 18:00:00"},{"id":"124","group":"6","content":"HR Layoffs","start":"2017-10-16 10:35:52","end":"2017-10-16 11:45:11"},{"id":"123","group":"8","content":"Internship Opportunities","start":"2017-10-16 10:30:52","end":"2017-10-16 11:43:11"},{"id":"117","group":"3","content":"Budget Meeting for FY 2018-19","start":"2017-10-16 10:00:00","end":"2017-10-16 11:00:00"},{"id":"116","group":"1","content":"Quarterly accounts meeting","start":"2017-10-16 10:00:53","end":"2017-10-16 12:00:56"},{"id":"130","group":"9","content":"Business Class Upgrades","start":"2017-10-16 10:30:00","end":"2017-10-16 12:23:06"},{"id":"131","group":"20","content":"Award Ceremony for Long Service","start":"2017-10-16 10:30:00","end":"2017-10-16 12:23:06"},{"id":"132","group":"5","content":"In- Flight Emergency Medical Response","start":"2017-10-16 14:00:00","end":"2017-10-16 16:00:00"},{"id":"133","group":"13","content":"In-Flight Catering Menu Updates","start":"2017-10-16 14:00:00","end":"2017-10-16 16:00:00"},{"id":"139","group":"14","content":"serious meeting","start":"2017-10-22 10:00:00","end":"2017-10-22 11:00:00"},{"id":"143","group":"14","content":"serious meeting","start":"2017-10-23 10:55:49","end":"2017-10-23 11:15:52"},{"id":"145","group":"1","content":"automatic thing is working","start":"2017-10-23 16:28:00","end":"2017-10-23 16:39:00"},{"id":"146","group":"2","content":"very serious meeting","start":"2017-10-23 16:35:00","end":"2017-10-23 16:36:00"},{"id":"147","group":"14","content":"serious meeting","start":"2017-10-25 09:50:12","end":"2017-10-25 09:50:59"},{"id":"151","group":"14","content":"book log advanced even more","start":"2017-11-08 23:16:56","end":"2017-11-08 23:27:57"},{"id":"201","group":"2","content":"multiple email test - 2","start":"2017-11-13 16:58:52","end":"2017-11-13 17:11:52"},{"id":"200","group":"14","content":"multiple email test","start":"2017-11-13 16:57:16","end":"2017-11-13 17:09:17"},{"id":"199","group":"1","content":"TEst","start":"2017-11-12 11:51:23","end":"2017-11-12 12:11:24"}]